INSERT INTO setor (id_setor, nome_setor) VALUES
(1, 'Tecnologia'),
(2, 'Financeiro'),
(3, 'Saúde'),
(4, 'Energia'),
(5, 'Consumo Discricionário'),
(6, 'Consumo Básico'),
(7, 'Materiais'),
(8, 'Indústria'),
(9, 'Telecomunicações'),
(10, 'Utilidades');


INSERT INTO industria (id_industria, nome_industria) VALUES
(1, 'Software'),
(2, 'Serviços Financeiros'),
(3, 'Farmacêutica'),
(4, 'Petróleo e Gás'),
(5, 'Automóveis'),
(6, 'Alimentos e Bebidas'),
(7, 'Metais e Mineração'),
(8, 'Equipamentos Industriais'),
(9, 'Telecomunicações'),
(10, 'Energia Elétrica');


INSERT INTO ativo (ticker_ativo, nome_ativo, id_setor, id_industria) VALUES
('AAPL', 'Apple Inc.', 1, 1),
('MSFT', 'Microsoft Corp.', 1, 1),
('GOOGL', 'Alphabet Inc.', 1, 1),
('AMZN', 'Amazon.com Inc.', 1, 5),
('TSLA', 'Tesla Inc.', 1, 5),
('JNJ', 'Johnson & Johnson', 3, 3),
('PFE', 'Pfizer Inc.', 3, 3),
('XOM', 'Exxon Mobil Corp.', 4, 4),
('CVX', 'Chevron Corp.', 4, 4),
('KO', 'Coca-Cola Co.', 6, 6),
('PEP', 'PepsiCo Inc.', 6, 6),
('BA', 'Boeing Co.', 8, 8),
('CAT', 'Caterpillar Inc.', 8, 8),
('T', 'AT&T Inc.', 9, 9),
('VZ', 'Verizon Communications', 9, 9),
('NEE', 'NextEra Energy', 10, 10),
('DUK', 'Duke Energy Corp.', 10, 10),
('WMT', 'Walmart Inc.', 5, 6),
('HD', 'Home Depot Inc.', 5, 8),
('DIS', 'Walt Disney Co.', 5, 1),
('NFLX', 'Netflix Inc.', 5, 1),
('INTC', 'Intel Corp.', 1, 1),
('NVDA', 'NVIDIA Corp.', 1, 1),
('IBM', 'International Business Machines', 1, 1),
('ORCL', 'Oracle Corp.', 1, 1),
('ADBE', 'Adobe Inc.', 1, 1),
('CSCO', 'Cisco Systems Inc.', 1, 1),
('AMGN', 'Amgen Inc.', 3, 3),
('GILD', 'Gilead Sciences Inc.', 3, 3),
('MDT', 'Medtronic Plc', 3, 3),
('ABT', 'Abbott Laboratories', 3, 3),
('NKE', 'Nike Inc.', 5, 1),
('MCD', 'McDonald’s Corp.', 6, 6),
('SBUX', 'Starbucks Corp.', 6, 6),
('JPM', 'JPMorgan Chase & Co.', 2, 2),
('GS', 'Goldman Sachs Group', 2, 2),
('BRK.B', 'Berkshire Hathaway Inc.', 2, 2),
('WFC', 'Wells Fargo & Co.', 2, 2);


INSERT INTO historico (id_historico, ticker_ativo, data_historico, abertura_historico, alto_historico, baixo_historico, fechamento_historico, volume_historico) VALUES

(1, 'AAPL', '2024-07-01', 175.00, 180.00, 170.00, 178.00, 10000000),
(2, 'AAPL', '2024-07-02', 178.00, 182.00, 176.00, 180.00, 12000000),
(3, 'AAPL', '2024-07-03', 180.00, 185.00, 178.00, 183.00, 11000000),

(4, 'MSFT', '2024-07-01', 345.00, 350.00, 340.00, 348.00, 8000000),
(5, 'MSFT', '2024-07-02', 348.00, 355.00, 340.00, 353.00, 9500000),
(6, 'MSFT', '2024-07-03', 353.00, 360.00, 348.00, 358.00, 9000000),

(7, 'GOOGL', '2024-07-01', 2800.00, 2850.00, 2750.00, 2825.00, 6000000),
(8, 'GOOGL', '2024-07-02', 2825.00, 2900.00, 2800.00, 2880.00, 6200000),
(9, 'GOOGL', '2024-07-03', 2880.00, 2950.00, 2850.00, 2905.00, 6500000),

(10, 'AMZN', '2024-07-01', 3300.00, 3350.00, 3250.00, 3320.00, 5000000),
(11, 'AMZN', '2024-07-02', 3320.00, 3400.00, 3300.00, 3380.00, 5200000),
(12, 'AMZN', '2024-07-03', 3380.00, 3450.00, 3350.00, 3405.00, 5300000),

(13, 'TSLA', '2024-07-01', 720.00, 740.00, 710.00, 730.00, 7000000),
(14, 'TSLA', '2024-07-02', 730.00, 750.00, 720.00, 740.00, 7100000),
(15, 'TSLA', '2024-07-03', 740.00, 760.00, 730.00, 750.00, 7200000),

(16, 'JNJ', '2024-07-01', 165.00, 170.00, 160.00, 168.00, 4000000),
(17, 'JNJ', '2024-07-02', 168.00, 175.00, 165.00, 172.00, 4100000),
(18, 'JNJ', '2024-07-03', 172.00, 180.00, 170.00, 176.00, 4200000),

(19, 'PFE', '2024-07-01', 43.00, 45.00, 42.00, 44.00, 3000000),
(20, 'PFE', '2024-07-02', 44.00, 46.00, 43.00, 45.00, 3100000),
(21, 'PFE', '2024-07-03', 45.00, 47.00, 44.00, 46.00, 3200000),

(22, 'XOM', '2024-07-01', 80.00, 82.00, 78.00, 81.00, 3500000),
(23, 'XOM', '2024-07-02', 81.00, 84.00, 80.00, 83.00, 3600000),
(24, 'XOM', '2024-07-03', 83.00, 85.00, 81.00, 84.00, 3700000),

(25, 'CVX', '2024-07-01', 160.00, 162.00, 158.00, 161.00, 3400000),
(26, 'CVX', '2024-07-02', 161.00, 165.00, 159.00, 163.00, 3500000),
(27, 'CVX', '2024-07-03', 163.00, 168.00, 161.00, 165.00, 3600000),

(28, 'KO', '2024-07-01', 60.00, 62.00, 59.00, 61.00, 5000000),
(29, 'KO', '2024-07-02', 61.00, 63.00, 60.00, 62.00, 5100000),
(30, 'KO', '2024-07-03', 62.00, 64.00, 61.00, 63.00, 5200000),

(31, 'PEP', '2024-07-01', 160.00, 162.00, 158.00, 161.00, 4000000),
(32, 'PEP', '2024-07-02', 161.00, 165.00, 160.00, 164.00, 4200000),
(33, 'PEP', '2024-07-03', 164.00, 168.00, 162.00, 167.00, 4300000),

(34, 'BA', '2024-07-01', 200.00, 205.00, 195.00, 202.00, 3000000),
(35, 'BA', '2024-07-02', 202.00, 210.00, 200.00, 208.00, 3100000),
(36, 'BA', '2024-07-03', 208.00, 215.00, 205.00, 212.00, 3200000),

(37, 'CAT', '2024-07-01', 250.00, 255.00, 245.00, 252.00, 2800000),
(38, 'CAT', '2024-07-02', 252.00, 260.00, 250.00, 258.00, 2900000),
(39, 'CAT', '2024-07-03', 258.00, 265.00, 255.00, 262.00, 3000000),

(40, 'T', '2024-07-01', 15.00, 16.00, 14.00, 15.50, 7000000),
(41, 'T', '2024-07-02', 15.50, 17.00, 15.00, 16.50, 7200000),
(42, 'T', '2024-07-03', 16.50, 18.00, 16.00, 17.00, 7400000),

(43, 'VZ', '2024-07-01', 40.00, 42.00, 39.00, 41.00, 6000000),
(44, 'VZ', '2024-07-02', 41.00, 43.00, 40.00, 42.00, 6200000),
(45, 'VZ', '2024-07-03', 42.00, 44.00, 41.00, 43.00, 6300000),

(46, 'NEE', '2024-07-01', 90.00, 92.00, 88.00, 91.00, 5500000),
(47, 'NEE', '2024-07-02', 91.00, 94.00, 89.00, 93.00, 5600000),
(48, 'NEE', '2024-07-03', 93.00, 96.00, 91.00, 95.00, 5700000),

(49, 'DUK', '2024-07-01', 85.00, 87.00, 83.00, 86.00, 5000000),
(50, 'DUK', '2024-07-02', 86.00, 89.00, 84.00, 88.00, 5100000),
(51, 'DUK', '2024-07-03', 88.00, 91.00, 86.00, 90.00, 5200000),

(52, 'INTC', '2024-07-01', 32.00, 33.50, 31.50, 32.75, 4200000),
(53, 'INTC', '2024-07-02', 32.75, 34.00, 32.00, 33.50, 4300000),
(54, 'INTC', '2024-07-03', 33.50, 35.00, 32.50, 34.00, 4400000),

(55, 'NVDA', '2024-07-01', 470.00, 485.00, 460.00, 475.00, 6000000),
(56, 'NVDA', '2024-07-02', 475.00, 490.00, 470.00, 485.00, 6200000),
(57, 'NVDA', '2024-07-03', 485.00, 500.00, 475.00, 490.00, 6300000),

(58, 'IBM', '2024-07-01', 140.00, 145.00, 135.00, 142.00, 5500000),
(59, 'IBM', '2024-07-02', 142.00, 148.00, 140.00, 145.00, 5600000),
(60, 'IBM', '2024-07-03', 145.00, 150.00, 142.00, 148.00, 5700000),

(61, 'ORCL', '2024-07-01', 95.00, 98.00, 92.00, 96.00, 5100000),
(62, 'ORCL', '2024-07-02', 96.00, 100.00, 94.00, 98.00, 5200000),
(63, 'ORCL', '2024-07-03', 98.00, 102.00, 96.00, 100.00, 5300000),

(64, 'ADBE', '2024-07-01', 500.00, 510.00, 490.00, 505.00, 4700000),
(65, 'ADBE', '2024-07-02', 505.00, 515.00, 500.00, 510.00, 4800000),
(66, 'ADBE', '2024-07-03', 510.00, 520.00, 505.00, 515.00, 4900000),

(67, 'CSCO', '2024-07-01', 55.00, 56.50, 54.00, 55.75, 4400000),
(68, 'CSCO', '2024-07-02', 55.75, 57.00, 55.00, 56.50, 4500000),
(69, 'CSCO', '2024-07-03', 56.50, 58.00, 55.50, 57.00, 4600000),

(70, 'AMGN', '2024-07-01', 260.00, 265.00, 255.00, 262.00, 3300000),
(71, 'AMGN', '2024-07-02', 262.00, 270.00, 258.00, 268.00, 3400000),
(72, 'AMGN', '2024-07-03', 268.00, 275.00, 260.00, 270.00, 3500000),

(73, 'GILD', '2024-07-01', 70.00, 72.00, 68.00, 71.00, 3000000),
(74, 'GILD', '2024-07-02', 71.00, 73.00, 69.00, 72.00, 3100000),
(75, 'GILD', '2024-07-03', 72.00, 75.00, 70.00, 73.00, 3200000),

(76, 'MDT', '2024-07-01', 100.00, 105.00, 98.00, 102.00, 3200000),
(77, 'MDT', '2024-07-02', 102.00, 110.00, 100.00, 108.00, 3300000),
(78, 'MDT', '2024-07-03', 108.00, 115.00, 105.00, 112.00, 3400000),

(79, 'ABT', '2024-07-01', 135.00, 140.00, 130.00, 138.00, 3500000),
(80, 'ABT', '2024-07-02', 138.00, 145.00, 135.00, 142.00, 3600000),
(81, 'ABT', '2024-07-03', 142.00, 150.00, 140.00, 145.00, 3700000),

(82, 'NKE', '2024-07-01', 105.00, 110.00, 102.00, 108.00, 4500000),
(83, 'NKE', '2024-07-02', 108.00, 115.00, 105.00, 112.00, 4600000),
(84, 'NKE', '2024-07-03', 112.00, 120.00, 110.00, 115.00, 4700000),

(85, 'MCD', '2024-07-01', 280.00, 290.00, 275.00, 285.00, 5500000),
(86, 'MCD', '2024-07-02', 285.00, 295.00, 280.00, 290.00, 5600000),
(87, 'MCD', '2024-07-03', 290.00, 300.00, 285.00, 295.00, 5700000),

(88, 'SBUX', '2024-07-01', 100.00, 105.00, 98.00, 102.00, 4600000),
(89, 'SBUX', '2024-07-02', 102.00, 110.00, 100.00, 108.00, 4700000),
(90, 'SBUX', '2024-07-03', 108.00, 115.00, 105.00, 112.00, 4800000),

(91, 'JPM', '2024-07-01', 155.00, 160.00, 150.00, 157.00, 5500000),
(92, 'JPM', '2024-07-02', 157.00, 165.00, 155.00, 162.00, 5600000),
(93, 'JPM', '2024-07-03', 162.00, 170.00, 160.00, 165.00, 5700000),

(94, 'GS', '2024-07-01', 380.00, 390.00, 370.00, 385.00, 4000000),
(95, 'GS', '2024-07-02', 385.00, 400.00, 380.00, 395.00, 4100000),
(96, 'GS', '2024-07-03', 395.00, 410.00, 390.00, 405.00, 4200000),

(97, 'BRK.B', '2024-07-01', 320.00, 330.00, 310.00, 325.00, 4300000),
(98, 'BRK.B', '2024-07-02', 325.00, 340.00, 320.00, 335.00, 4400000),
(99, 'BRK.B', '2024-07-03', 335.00, 350.00, 325.00, 345.00, 4500000),

(100, 'WFC', '2024-07-01', 40.00, 42.00, 39.00, 41.00, 4200000),
(101, 'WFC', '2024-07-02', 41.00, 43.00, 40.00, 42.00, 4300000),
(102, 'WFC', '2024-07-03', 42.00, 44.00, 41.00, 43.00, 4400000);


INSERT INTO usuario (id_usuario, nome_usuario, email_usuario, senha_usuario, cpf_usuario, celular_usuario) VALUES
(1, 'Ana Silva', 'ana.silva@gmail.com', 'senha123', '12345678901', '11987654321'),
(2, 'João Santos', 'joao.santos@hotmail.com', 'joao123', '23456789012', '21876543210'),
(3, 'Maria Oliveira', 'maria.oliveira@yahoo.com', 'maria2024', '34567890123', '31965432109'),
(4, 'Pedro Costa', 'pedro.costa@gmail.com', 'pedro2024', '45678901234', '41954321098'),
(5, 'Laura Almeida', 'laura.almeida@hotmail.com', 'laura123', '56789012345', '51943210987'),
(6, 'Carlos Pereira', 'carlos.pereira@yahoo.com', 'carlos2024', '67890123456', '61932109876'),
(7, 'Fernanda Martins', 'fernanda.martins@gmail.com', 'fernanda1', '78901234567', '71921098765'),
(8, 'Lucas Lima', 'lucas.lima@hotmail.com', 'lucas2024', '89012345678', '81910987654'),
(9, 'Beatriz Fernandes', 'beatriz.fernandes@yahoo.com', 'beatriz1', '90123456789', '91909876543'),
(10, 'Rafael Souza', 'rafael.souza@gmail.com', 'rafael2024', '01234567890', '11908765432');


INSERT INTO compra (id_compra, id_usuario, ticker_ativo, data_compra, quantidade_compra, valor_unitario_compra) VALUES
(1, 1, 'AAPL', '2024-07-04', 10, 175.00),
(2, 2, 'MSFT', '2024-07-05', 15, 345.00),
(3, 3, 'GOOGL', '2024-07-06', 5, 2800.00),
(4, 4, 'AMZN', '2024-07-07', 8, 3300.00),
(5, 5, 'TSLA', '2024-07-08', 7, 720.00),
(6, 6, 'JNJ', '2024-07-09', 20, 165.00),
(7, 7, 'PFE', '2024-07-10', 25, 43.00),
(8, 8, 'XOM', '2024-07-11', 12, 80.00),
(9, 9, 'CVX', '2024-07-12', 10, 160.00),
(10, 10, 'KO', '2024-07-13', 30, 60.00),
(11, 1, 'PEP', '2024-07-14', 18, 160.00),
(12, 2, 'BA', '2024-07-15', 5, 200.00),
(13, 3, 'CAT', '2024-07-16', 12, 250.00),
(14, 4, 'T', '2024-07-17', 40, 15.00),
(15, 5, 'VZ', '2024-07-18', 20, 40.00),
(16, 6, 'NEE', '2024-07-19', 10, 90.00),
(17, 7, 'DUK', '2024-07-20', 15, 85.00),
(18, 8, 'INTC', '2024-07-21', 25, 32.00),
(19, 9, 'NVDA', '2024-07-22', 8, 470.00),
(20, 10, 'IBM', '2024-07-23', 22, 140.00),
(21, 1, 'ORCL', '2024-07-24', 12, 95.00),
(22, 2, 'ADBE', '2024-07-25', 9, 500.00),
(23, 3, 'CSCO', '2024-07-26', 30, 55.00),
(24, 4, 'AMGN', '2024-07-27', 7, 260.00),
(25, 5, 'GILD', '2024-07-28', 14, 70.00),
(26, 6, 'MDT', '2024-07-29', 20, 100.00),
(27, 7, 'ABT', '2024-07-30', 18, 135.00),
(28, 8, 'NKE', '2024-07-31', 11, 105.00),
(29, 9, 'MCD', '2024-08-01', 10, 280.00),
(30, 10, 'SBUX', '2024-08-02', 22, 100.00),
(31, 1, 'JPM', '2024-08-03', 15, 155.00),
(32, 2, 'GS', '2024-08-04', 5, 380.00),
(33, 3, 'BRK.B', '2024-08-05', 12, 320.00),
(34, 4, 'WFC', '2024-08-06', 20, 40.00),
(35, 5, 'AAPL', '2024-08-07', 25, 175.00),
(36, 6, 'MSFT', '2024-08-08', 10, 345.00),
(37, 7, 'GOOGL', '2024-08-09', 6, 2800.00),
(38, 8, 'AMZN', '2024-08-10', 14, 3300.00),
(39, 9, 'TSLA', '2024-08-11', 5, 720.00),
(40, 10, 'JNJ', '2024-08-12', 30, 165.00),
(41, 1, 'PFE', '2024-08-13', 20, 43.00),
(42, 2, 'XOM', '2024-08-14', 8, 80.00),
(43, 3, 'CVX', '2024-08-15', 15, 160.00),
(44, 4, 'KO', '2024-08-16', 25, 60.00),
(45, 5, 'PEP', '2024-08-17', 10, 160.00),
(46, 6, 'BA', '2024-08-18', 7, 200.00),
(47, 7, 'CAT', '2024-08-19', 16, 250.00),
(48, 8, 'T', '2024-08-20', 50, 15.00),
(49, 9, 'VZ', '2024-08-21', 15, 40.00),
(50, 10, 'NEE', '2024-08-22', 12, 90.00);

INSERT INTO venda (id_venda, id_usuario, ticker_ativo, data_venda, quantidade_venda, valor_unitario_venda) VALUES
(1, 1, 'AAPL', '2024-08-04', 5, 178.00),
(2, 2, 'MSFT', '2024-08-05', 10, 348.00),
(3, 3, 'GOOGL', '2024-08-06', 3, 2825.00),
(4, 4, 'AMZN', '2024-08-07', 4, 3320.00),
(5, 5, 'TSLA', '2024-08-08', 5, 730.00),
(6, 6, 'JNJ', '2024-08-09', 10, 168.00),
(7, 7, 'PFE', '2024-08-10', 12, 44.00),
(8, 8, 'XOM', '2024-08-11', 6, 81.00),
(9, 9, 'CVX', '2024-08-12', 7, 161.00),
(10, 10, 'KO', '2024-08-13', 15, 61.00),
(11, 1, 'PEP', '2024-08-14', 9, 161.00),
(12, 2, 'BA', '2024-08-15', 3, 202.00),
(13, 3, 'CAT', '2024-08-16', 8, 252.00),
(14, 4, 'T', '2024-08-17', 20, 15.50),
(15, 5, 'VZ', '2024-08-18', 12, 41.00),
(16, 6, 'NEE', '2024-08-19', 6, 91.00),
(17, 7, 'DUK', '2024-08-20', 10, 86.00),
(18, 8, 'INTC', '2024-08-21', 10, 32.75),
(19, 9, 'NVDA', '2024-08-22', 4, 475.00),
(20, 10, 'IBM', '2024-08-23', 15, 142.00),
(21, 1, 'ORCL', '2024-08-24', 8, 96.00),
(22, 2, 'ADBE', '2024-08-25', 6, 505.00),
(23, 3, 'CSCO', '2024-08-26', 15, 55.75),
(24, 4, 'AMGN', '2024-08-27', 5, 263.00),
(25, 5, 'GILD', '2024-08-28', 7, 72.00),
(26, 6, 'MDT', '2024-08-29', 12, 102.00),
(27, 7, 'ABT', '2024-08-30', 12, 138.00),
(28, 8, 'NKE', '2024-08-31', 8, 107.00),
(29, 9, 'MCD', '2024-09-01', 5, 282.00),
(30, 10, 'SBUX', '2024-09-02', 10, 102.00),
(31, 1, 'JPM', '2024-09-03', 10, 158.00),
(32, 2, 'GS', '2024-09-04', 4, 385.00),
(33, 3, 'BRK.B', '2024-09-05', 8, 325.00),
(34, 4, 'WFC', '2024-09-06', 12, 42.00),
(35, 5, 'AAPL', '2024-09-07', 10, 180.00),
(36, 6, 'MSFT', '2024-09-08', 6, 350.00),
(37, 7, 'GOOGL', '2024-09-09', 3, 2840.00),
(38, 8, 'AMZN', '2024-09-10', 7, 3350.00),
(39, 9, 'TSLA', '2024-09-11', 4, 740.00),
(40, 10, 'JNJ', '2024-09-12', 20, 170.00),
(41, 1, 'PFE', '2024-09-13', 15, 45.00),
(42, 2, 'XOM', '2024-09-14', 5, 82.00),
(43, 3, 'CVX', '2024-09-15', 8, 162.00),
(44, 4, 'KO', '2024-09-16', 20, 62.00),
(45, 5, 'PEP', '2024-09-17', 12, 165.00),
(46, 6, 'BA', '2024-09-18', 6, 203.00),
(47, 7, 'CAT', '2024-09-19', 10, 255.00),
(48, 8, 'T', '2024-09-20', 25, 16.00),
(49, 9, 'VZ', '2024-09-21', 10, 42.00),
(50, 10, 'NEE', '2024-09-22', 8, 92.00);
